name,cat,hold_days,signals,wins,losses,wr,avg,med,max_g,max_l,avg_w,avg_l,pl
N22_d12_p4_v1.2,N22-V型反转,3,38,24,14,63.1578947368421,2.732181413914247,3.2148900169204575,25.370370370370352,-12.468619246861913,6.440909829125059,-3.6256387264471455,1.7764896932896201
N22_d10_p2_v1.2,N22-V型反转,3,16,10,6,62.5,0.7188630133524463,1.317715959004384,9.090909090909083,-8.370837083708372,4.036121957966367,-4.809901894337423,0.8391277091780173
N22_d15_p4_v1.8,N22-V型反转,3,58,36,22,62.06896551724138,2.0556493679178316,1.4245014245014342,15.282623866015355,-12.468619246861913,5.5721571951665725,-3.698636167580109,1.506543748208747
N22_d12_p2_v1.8,N22-V型反转,3,26,16,10,61.53846153846154,2.266459950923079,3.2148900169204575,14.69740634005763,-12.468619246861913,5.792726665516733,-3.375566792426767,1.7160752613495818
N22_d15_p6_v2.5,N22-V型反转,3,31,19,12,61.29032258064516,0.997166842874364,1.0999999999999899,15.282623866015355,-12.468619246861913,4.252669151167485,-4.157378478589745,1.0229208557913312
N22_d12_p2_v2.0,N22-V型反转,3,23,14,9,60.86956521739131,1.7870947149658414,3.065693430656924,14.69740634005763,-12.468619246861913,5.316600509719473,-3.703247632428697,1.4356589235791106
N22_d15_p5_v1.8,N22-V型反转,3,56,34,22,60.71428571428571,1.9707128074749687,1.4245014245014342,15.282623866015355,-12.468619246861913,5.639115085451785,-3.698636167580109,1.5246471482868953
N22_d15_p4_v2.5,N22-V型反转,3,33,20,13,60.60606060606061,0.9634974335576865,1.0999999999999899,15.282623866015355,-12.468619246861913,4.476916881727924,-4.441763255934986,1.0079143402670023
N22_d15_p5_v2.5,N22-V型反转,3,33,20,13,60.60606060606061,0.9634974335576865,1.0999999999999899,15.282623866015355,-12.468619246861913,4.476916881727924,-4.441763255934986,1.0079143402670023
N22_d15_p6_v1.8,N22-V型反转,3,53,32,21,60.37735849056604,1.8496071912425154,1.2658227848101333,15.282623866015355,-12.468619246861913,5.360774882454308,-3.500743576318309,1.5313246359198271
N22_d12_p4_v1.3,N22-V型反转,3,30,18,12,60.0,2.6128285503838526,3.2148900169204575,25.370370370370352,-12.468619246861913,6.7913535510914755,-3.6549589506775804,1.8581203353412354
N22_d15_p3_v2.5,N22-V型反转,3,35,21,14,60.0,1.152365176849738,1.0999999999999899,15.282623866015355,-12.468619246861913,4.818000654662798,-4.346088039869852,1.1085833076697356
N22_d15_p4_v1.2,N22-V型反转,3,95,57,38,60.0,1.7410034218518975,1.1152416356877248,25.370370370370352,-12.468619246861913,5.4794577548820955,-3.866678077693399,1.4170969614700308
N22_d15_p5_v1.5,N22-V型反转,3,69,41,28,59.42028985507246,1.8185798747746713,1.2658227848101333,15.282623866015355,-12.468619246861913,5.536602235569434,-3.6256671535319454,1.5270575044860228
N22_d12_p4_v1.5,N22-V型反转,3,27,16,11,59.25925925925925,2.0762141178873628,3.2148900169204575,14.69740634005763,-12.468619246861913,6.031632567399964,-3.6771218086764197,1.640313506386412
N22_d12_p5_v1.5,N22-V型反转,3,27,16,11,59.25925925925925,2.0762141178873628,3.2148900169204575,14.69740634005763,-12.468619246861913,6.031632567399964,-3.6771218086764197,1.640313506386412
N22_d12_p6_v1.5,N22-V型反转,3,27,16,11,59.25925925925925,2.0762141178873628,3.2148900169204575,14.69740634005763,-12.468619246861913,6.031632567399964,-3.6771218086764197,1.640313506386412
N22_d15_p4_v1.5,N22-V型反转,3,76,45,31,59.210526315789465,1.5139295119184233,1.2658227848101333,15.282623866015355,-12.468619246861913,5.345460870787143,-4.047970847729717,1.3205284998001199
N22_d12_p4_v1.8,N22-V型反转,3,22,13,9,59.09090909090909,2.1551913938330354,3.2148900169204575,14.69740634005763,-12.468619246861913,6.087226957298606,-3.524415531172788,1.7271592703692957
N22_d12_p5_v1.8,N22-V型反转,3,22,13,9,59.09090909090909,2.1551913938330354,3.2148900169204575,14.69740634005763,-12.468619246861913,6.087226957298606,-3.524415531172788,1.7271592703692957
N22_d12_p6_v1.8,N22-V型反转,3,22,13,9,59.09090909090909,2.1551913938330354,3.2148900169204575,14.69740634005763,-12.468619246861913,6.087226957298606,-3.524415531172788,1.7271592703692957
N22_d15_p3_v1.2,N22-V型反转,3,110,65,45,59.09090909090909,1.554279219044048,1.0158013544018019,25.370370370370352,-12.468619246861913,5.218834994168361,-3.7389680116910693,1.3957955718931048
N22_d15_p6_v1.5,N22-V型反转,3,66,39,27,59.09090909090909,1.7144132617682935,1.2658227848101333,15.282623866015355,-12.468619246861913,5.302963461321128,-3.469048137585799,1.528650872227907
N22_d12_p2_v1.5,N22-V型反转,3,39,23,16,58.97435897435898,1.5659583134565414,1.4245014245014342,14.69740634005763,-12.468619246861913,5.4409399742590345,-4.004327823947044,1.3587648697793004
N22_d12_p5_v1.2,N22-V型反转,3,34,20,14,58.82352941176471,1.8883398323033433,1.4245014245014342,14.69740634005763,-12.468619246861913,5.748124823428686,-3.6256387264471455,1.5854102565429673
N22_d12_p6_v1.2,N22-V型反转,3,34,20,14,58.82352941176471,1.8883398323033433,1.4245014245014342,14.69740634005763,-12.468619246861913,5.748124823428686,-3.6256387264471455,1.5854102565429673
N22_d15_p3_v1.8,N22-V型反转,3,63,37,26,58.730158730158735,1.9479366693455218,1.1235955056179803,15.282623866015355,-12.468619246861913,5.736144192955592,-3.4429740373303463,1.6660434062997904
N22_d12_p5_v1.3,N22-V型反转,3,29,17,12,58.620689655172406,1.8280857290050079,1.4245014245014342,14.69740634005763,-12.468619246861913,5.698470208780954,-3.6549589506775804,1.5591064867430409
N22_d12_p6_v1.3,N22-V型反转,3,29,17,12,58.620689655172406,1.8280857290050079,1.4245014245014342,14.69740634005763,-12.468619246861913,5.698470208780954,-3.6549589506775804,1.5591064867430409
N22_d15_p2_v1.8,N22-V型反转,3,70,41,29,58.57142857142858,1.8317830653897422,1.2658227848101333,15.282623866015355,-12.468619246861913,5.545646789877958,-3.418851855438424,1.6220787048893055
N22_d15_p6_v2.0,N22-V型反转,3,43,25,18,58.139534883720934,1.363034088699171,1.0999999999999899,15.282623866015355,-12.468619246861913,4.783087686958217,-3.3870403533272824,1.412173221455575
N22_d15_p5_v1.2,N22-V型反转,3,81,47,34,58.0246913580247,1.5662183089816561,1.0935601458080368,15.282623866015355,-12.468619246861913,5.3033463555404285,-3.599811637731942,1.4732288489632746
N22_d12_p4_v2.0,N22-V型反转,3,19,11,8,57.89473684210527,1.5573384412916351,1.4245014245014342,14.69740634005763,-12.468619246861913,5.534793721153343,-3.9116625685182123,1.4149466177625831
N22_d12_p5_v2.0,N22-V型反转,3,19,11,8,57.89473684210527,1.5573384412916351,1.4245014245014342,14.69740634005763,-12.468619246861913,5.534793721153343,-3.9116625685182123,1.4149466177625831
N22_d12_p6_v2.0,N22-V型反转,3,19,11,8,57.89473684210527,1.5573384412916351,1.4245014245014342,14.69740634005763,-12.468619246861913,5.534793721153343,-3.9116625685182123,1.4149466177625831
N22_d15_p2_v2.5,N22-V型反转,3,38,22,16,57.89473684210527,0.987483143376976,1.0999999999999899,15.282623866015355,-12.468619246861913,4.882528977740683,-4.36820487887312,1.117742668471229
N22_d15_p5_v1.3,N22-V型反转,3,76,44,32,57.89473684210527,1.522034406188759,1.0999999999999899,15.282623866015355,-12.468619246861913,5.253835813434151,-3.609192528773655,1.4556817824343993
N22_d15_p4_v2.0,N22-V型反转,3,45,26,19,57.77777777777777,1.322082422052505,1.0999999999999899,15.282623866015355,-12.468619246861913,4.935185228320449,-3.622163523366788,1.3624965290725506
N22_d15_p5_v2.0,N22-V型反转,3,45,26,19,57.77777777777777,1.322082422052505,1.0999999999999899,15.282623866015355,-12.468619246861913,4.935185228320449,-3.622163523366788,1.3624965290725506
N22_d15_p6_v1.2,N22-V型反转,3,78,45,33,57.692307692307686,1.4683711146765284,1.0935601458080368,15.282623866015355,-12.468619246861913,5.090492489857274,-3.470885306024489,1.466626535028858
N22_d15_p4_v1.3,N22-V型反转,3,85,49,36,57.647058823529406,1.5299983705685587,0.8810572687224738,25.370370370370352,-12.468619246861913,5.511922320174442,-3.8898425608394476,1.4170039619765333
N22_d15_p6_v1.3,N22-V型反转,3,73,42,31,57.534246575342465,1.4156695724328872,0.6968641114982521,15.282623866015355,-12.468619246861913,5.023420455339996,-3.4722509786025504,1.4467331095293499
N22_d15_p2_v1.5,N22-V型反转,3,103,59,44,57.28155339805825,1.2248558240048049,0.8810572687224738,15.282623866015355,-12.468619246861913,4.9539337444847025,-3.7754986602750575,1.312127003674739
N22_d12_p3_v1.2,N22-V型反转,3,42,24,18,57.14285714285714,2.1098690784549157,1.317715959004384,25.370370370370352,-12.468619246861913,6.440909829125059,-3.66485192243861,1.757481602377879
N22_d15_p2_v1.2,N22-V型反转,3,140,80,60,57.14285714285714,1.1133362645595246,0.6968641114982521,25.370370370370352,-12.468619246861913,4.800062953740711,-3.8022993210153886,1.2624105964542722
N22_d15_p3_v1.3,N22-V型反转,3,98,56,42,57.14285714285714,1.438039854926216,0.6960556844547661,25.370370370370352,-12.468619246861913,5.2484141868398195,-3.6424592542919214,1.4408985304792623
N22_d20_p4_v1.8,N22-V型反转,3,109,62,47,56.88073394495413,1.8703881234998978,0.8810572687224738,26.702076291646538,-15.692821368948252,6.21712582722501,-3.8636062941800375,1.609150972911036
N22_d18_p4_v1.2,N22-V型反转,3,148,84,64,56.75675675675676,2.0025151471887703,1.0999999999999899,26.454445664105375,-15.692821368948252,6.639987963292699,-4.0841679239476365,1.6257872073180286
N22_d15_p3_v1.5,N22-V型反转,3,83,47,36,56.62650602409639,1.3933391236046528,0.8810572687224738,15.282623866015355,-12.468619246861913,5.366508883540516,-3.7938547296449454,1.4145267191194615
N22_d15_p2_v1.3,N22-V型反转,3,122,69,53,56.557377049180324,1.1210158465354412,0.6521739130434856,25.370370370370352,-12.468619246861913,4.863332347301264,-3.751056578989875,1.2965233247990395
N22_d12_p3_v1.8,N22-V型反转,3,23,13,10,56.52173913043478,1.972968805244096,1.4245014245014342,14.69740634005763,-12.468619246861913,6.087226957298606,-3.375566792426767,1.8033199553199684
N22_d15_p2_v2.0,N22-V型反转,3,55,31,24,56.36363636363636,1.3087869904151768,1.0999999999999899,15.282623866015355,-12.468619246861913,5.002860493397786,-3.4627246176040263,1.4447757317933734
N22_d20_p4_v1.2,N22-V型反转,3,183,103,80,56.284153005464475,2.1998562334840073,1.038062283737018,28.441558441558445,-15.692821368948252,6.9041258332855575,-3.856890876260491,1.7900754920967743
N22_d12_p2_v2.5,N22-V型反转,3,16,9,7,56.25,0.7148945331750559,1.4245014245014342,14.69740634005763,-12.468619246861913,4.747957008771844,-4.470471506877957,1.062070746109659
N1_d40_15_d60_20_p3_v1.8,N1-双底放量反转,3,144,81,63,56.25,1.4804448087414037,0.7017543859648923,26.54545454545454,-12.468619246861913,5.35930393610632,-3.50665978358492,1.5283216128333412
N22_d12_p2_v1.2,N22-V型反转,3,59,33,26,55.932203389830505,1.4056204485613877,0.8041433828540168,25.370370370370352,-12.468619246861913,5.646647224427752,-3.9772212284997672,1.4197468282541834
N22_d18_p4_v1.8,N22-V型反转,3,86,48,38,55.81395348837209,1.7064609202055208,1.038062283737018,26.364572605561264,-15.692821368948252,6.316798051415094,-4.117122824480257,1.5342748615260278
N22_d12_p2_v1.3,N22-V型反转,3,45,25,20,55.55555555555556,1.5586089825778708,0.6968641114982521,25.370370370370352,-12.468619246861913,6.035194489968196,-4.0371229016600365,1.4949246374160585
N22_d20_p5_v1.8,N22-V型反转,3,101,56,45,55.44554455445545,1.6692007992012405,0.7046223224351778,26.702076291646538,-15.692821368948252,6.208333953077564,-3.979498236733741,1.5600795838455221
N22_d18_p5_v1.2,N22-V型反转,3,125,69,56,55.2,1.833580783039636,0.6968641114982521,26.454445664105375,-15.692821368948252,6.553452806459439,-3.9819758172454796,1.6457791576928187
N22_d20_p5_v1.2,N22-V型反转,3,154,85,69,55.1948051948052,2.1574861748894265,0.7046223224351778,28.441558441558445,-15.692821368948252,6.934692160860074,-3.727477720871518,1.8604248449374179
N22_d12_p3_v1.5,N22-V型反转,3,29,16,13,55.172413793103445,1.7612933908784836,1.4245014245014342,14.69740634005763,-12.468619246861913,6.031632567399964,-3.494508672532568,1.726031649258627
N22_d18_p3_v1.2,N22-V型反转,3,174,96,78,55.172413793103445,1.6305404944685833,0.4672897196261516,26.454445664105375,-15.692821368948252,6.136478939533963,-3.9152298994580406,1.5673355325528637
N22_d15_p3_v2.0,N22-V型反转,3,49,27,22,55.10204081632652,1.3447989128772926,0.6968641114982521,15.282623866015355,-12.468619246861913,5.183499705544148,-3.366333878122939,1.539805584713557
N22_d12_p3_v2.0,N22-V型反转,3,20,11,9,55.00000000000001,1.3776751120414246,1.4245014245014342,14.69740634005763,-12.468619246861913,5.534793721153343,-3.703247632428697,1.494578345959399
N22_d18_p5_v1.8,N22-V型反转,3,80,44,36,55.00000000000001,1.5621162578469774,1.038062283737018,26.364572605561264,-15.692821368948252,6.338815745103739,-4.276072004355731,1.4823921904605062
N22_d20_p6_v1.8,N22-V型反转,3,91,50,41,54.94505494505495,1.5892528305271227,0.6968641114982521,26.702076291646538,-15.692821368948252,6.171231693670233,-3.998526270866914,1.5433765531649886
N1_d40_15_d60_25_p3_v1.5,N1-双底放量反转,3,182,100,82,54.94505494505495,1.1606317768572485,0.5336179295624355,26.54545454545454,-12.468619246861913,5.099019354196546,-3.6422799028248227,1.3999526368750321
N22_d18_p5_v1.5,N22-V型反转,3,102,56,46,54.90196078431373,1.5010757125344898,1.038062283737018,26.364572605561264,-15.692821368948252,6.117362821586866,-4.118752072398837,1.485246675220245
M2_d15_p5_v1.8,M2-主升底部反转,3,146,80,66,54.794520547945204,1.4439072524570205,0.8042895442359255,26.54545454545454,-15.692821368948252,5.888563715591025,-3.9435551270993523,1.493211968846574
N22_d18_p6_v1.5,N22-V型反转,3,95,52,43,54.736842105263165,1.4080833128803618,0.6968641114982521,26.364572605561264,-15.692821368948252,6.024976585877524,-4.175136459116207,1.4430609980955909
N22_d18_p4_v1.5,N22-V型反转,3,117,64,53,54.700854700854705,1.427522255234493,0.8810572687224738,26.364572605561264,-15.692821368948252,6.161047582358559,-4.288432856764379,1.4366664439296053
N22_d12_p3_v1.3,N22-V型反转,3,33,18,15,54.54545454545454,2.1681000351996667,0.6968641114982521,25.370370370370352,-12.468619246861913,6.7913535510914755,-3.379804183870503,2.009392610229305
N22_d20_p4_v2.0,N22-V型反转,3,90,49,41,54.44444444444444,1.5544379800230812,0.6968641114982521,26.702076291646538,-15.692821368948252,6.213965290264262,-4.014265390752964,1.5479707207646018
N22_d20_p5_v1.3,N22-V型反转,3,147,80,67,54.421768707483,2.1174674943124665,0.6960556844547661,28.441558441558445,-15.692821368948252,7.019553120524226,-3.7357690742985925,1.8790115183557428
N22_d18_p4_v1.3,N22-V型反转,3,136,74,62,54.41176470588235,1.8472845374592983,0.6968641114982521,26.454445664105375,-15.692821368948252,6.83402715493222,-4.104634070492254,1.664954058648312
N22_d18_p6_v1.2,N22-V型反转,3,116,63,53,54.310344827586206,1.7340693006465178,0.6960556844547661,26.454445664105375,-15.692821368948252,6.574777096069733,-4.019979588252777,1.6355249950230117
N22_d20_p6_v1.2,N22-V型反转,3,140,76,64,54.285714285714285,2.07031854633795,0.6960556844547661,28.441558441558445,-15.692821368948252,6.979734759349959,-3.759613206613815,1.8565034155831213
N22_d20_p5_v1.5,N22-V型反转,3,129,70,59,54.263565891472865,1.6030843718609067,0.6968641114982521,26.702076291646538,-15.692821368948252,6.149511375354164,-3.790981564487025,1.62214225280367
N22_d18_p5_v1.3,N22-V型反转,3,118,64,54,54.23728813559322,1.7645122763636907,0.6960556844547661,26.454445664105375,-15.692821368948252,6.629744681477081,-4.001689092659588,1.656736574972356
N22_d18_p6_v2.5,N22-V型反转,3,48,26,22,54.166666666666664,1.1044558193242924,0.27700831024930483,26.364572605561264,-15.692821368948252,6.071238945816873,-4.765378784712396,1.2740307161507813
N22_d18_p2_v1.2,N22-V型反转,3,218,118,100,54.12844036697248,1.185583606699522,0.4672897196261516,26.454445664105375,-15.692821368948252,5.617403381186009,-4.0439637271945355,1.389083523032249
N22_d20_p4_v1.3,N22-V型反转,3,170,92,78,54.11764705882353,2.087196766976036,0.6968641114982521,28.441558441558445,-15.692821368948252,7.135600931789526,-3.867331222291157,1.8450969212722665
N22_d20_p5_v2.0,N22-V型反转,3,85,46,39,54.11764705882353,1.4002627532352256,0.4545454545454408,26.702076291646538,-15.692821368948252,6.110763910270049,-4.155712970446875,1.4704489828162848
M2_d20_p4_v1.8,M2-主升底部反转,3,353,191,162,54.107648725212464,1.5647692123694534,0.4842615012106366,32.085561497326196,-16.812227074235807,5.908970558939201,-3.557097807351668,1.6611774201785445
N22_d18_p6_v1.8,N22-V型反转,3,74,40,34,54.054054054054056,1.4079002527499844,0.6968641114982521,26.364572605561264,-15.692821368948252,6.240858931033283,-4.277933486406836,1.4588489865173586
N22_d20_p4_v1.5,N22-V型反转,3,148,80,68,54.054054054054056,1.5427754434819876,0.7046223224351778,26.702076291646538,-15.692821368948252,6.196215122114022,-3.931859472555699,1.5758994352070517
N22_d18_p5_v2.5,N22-V型反转,3,52,28,24,53.84615384615385,1.1541725430295957,0.27700831024930483,26.364572605561264,-15.692821368948252,6.190862825720912,-4.721966120110273,1.3110773496139223
N22_d20_p6_v1.5,N22-V型反转,3,117,63,54,53.84615384615385,1.4794304322604541,0.519987000324984,26.702076291646538,-15.692821368948252,6.034611989878682,-3.834948051627479,1.5735837640141455
N22_d20_p6_v2.0,N22-V型反转,3,78,42,36,53.84615384615385,1.3511431610353792,0.4545454545454408,26.702076291646538,-15.692821368948252,6.089800290425636,-4.1772901565865865,1.4578351184974496
N22_d20_p6_v1.3,N22-V型反转,3,134,72,62,53.73134328358209,2.0599737366499764,0.519987000324984,28.441558441558445,-15.692821368948252,7.07989293294794,-3.7696098461476626,1.8781500531635145
N22_d20_p3_v1.2,N22-V型反转,3,218,117,101,53.669724770642205,1.6587443386228606,0.3678724708767733,28.441558441558445,-15.692821368948252,6.490359218645529,-3.938274878829146,1.6480208767385787
N22_d18_p6_v1.3,N22-V型反转,3,110,59,51,53.63636363636364,1.7031265736252723,0.519987000324984,26.454445664105375,-15.692821368948252,6.669549262949967,-4.042342812064081,1.6499217342589492
N22_d20_p2_v1.8,N22-V型反转,3,138,74,64,53.62318840579711,1.3382253435914777,0.7046223224351778,26.702076291646538,-15.692821368948252,5.986818128935766,-4.036710064462856,1.483093418484689
N22_d20_p6_v2.5,N22-V型反转,3,56,30,26,53.57142857142857,1.325365187097241,0.27700831024930483,26.702076291646538,-15.692821368948252,6.39093552410006,-4.519523663290627,1.4140728094887047
N22_d20_p2_v1.2,N22-V型反转,3,273,146,127,53.47985347985348,1.313379677216891,0.4545454545454408,28.441558441558445,-15.692821368948252,5.926422726019853,-3.989803670225883,1.485392068348147
N22_d18_p2_v1.5,N22-V型反转,3,159,85,74,53.459119496855344,1.1328560623007902,0.519987000324984,26.364572605561264,-15.692821368948252,5.626846582667006,-4.029160075957702,1.3965309088221185
N22_d12_p3_v2.5,N22-V型反转,3,15,8,7,53.333333333333336,0.3467125845616437,0.6968641114982521,14.69740634005763,-12.468619246861913,4.561748664571295,-4.470471506877957,1.0204177920724704
N22_d12_p4_v2.5,N22-V型反转,3,15,8,7,53.333333333333336,0.3467125845616437,0.6968641114982521,14.69740634005763,-12.468619246861913,4.561748664571295,-4.470471506877957,1.0204177920724704
N22_d12_p5_v2.5,N22-V型反转,3,15,8,7,53.333333333333336,0.3467125845616437,0.6968641114982521,14.69740634005763,-12.468619246861913,4.561748664571295,-4.470471506877957,1.0204177920724704
N22_d12_p6_v2.5,N22-V型反转,3,15,8,7,53.333333333333336,0.3467125845616437,0.6968641114982521,14.69740634005763,-12.468619246861913,4.561748664571295,-4.470471506877957,1.0204177920724704
N22_d20_p5_v2.5,N22-V型反转,3,62,33,29,53.2258064516129,1.2956382584149957,0.27700831024930483,26.702076291646538,-15.692821368948252,6.349319620533244,-4.455102601926457,1.4251792131089633
N22_d18_p2_v1.3,N22-V型反转,3,195,103,92,52.820512820512825,1.2226968933435425,0.27700831024930483,26.454445664105375,-15.692821368948252,5.864480460673266,-3.974082535297346,1.4756815965913195
N22_d20_p3_v1.8,N22-V型反转,3,125,66,59,52.800000000000004,1.4262772482087236,0.4545454545454408,26.702076291646538,-15.692821368948252,6.329956863790617,-4.059194864137124,1.55941192173739
N22_d20_p2_v2.0,N22-V型反转,3,112,59,53,52.67857142857143,1.2057923851607895,0.4545454545454408,26.702076291646538,-15.692821368948252,6.0396699304241706,-4.1753165803210885,1.4465178422374168
N22_d18_p3_v1.3,N22-V型反转,3,158,83,75,52.53164556962025,1.5398369020906588,0.2683663200268471,26.454445664105375,-15.692821368948252,6.426649287255587,-3.8682354708251965,1.661390402866197
N22_d18_p2_v1.8,N22-V型反转,3,105,55,50,52.38095238095239,1.3387081854411302,0.27700831024930483,26.364572605561264,-15.692821368948252,6.091593064543261,-3.8894651815712136,1.5661775540261968
N22_d18_p6_v2.0,N22-V型反转,3,63,33,30,52.38095238095239,1.037429481614913,0.2683663200268471,26.364572605561264,-15.692821368948252,5.989901611416635,-4.410289861166982,1.3581650639696687
N22_d18_p5_v2.0,N22-V型反转,3,67,35,32,52.23880597014925,1.080017167936007,0.2683663200268471,26.364572605561264,-15.692821368948252,6.0902485630198795,-4.399923420436978,1.3841714914245091
M2_d18_p4_v1.5,M2-主升底部反转,3,324,169,155,52.160493827160494,1.2654573952907189,0.4545454545454408,32.085561497326196,-15.692821368948252,5.783383090568583,-3.660539007947725,1.5799266386758235
N22_d18_p3_v1.8,N22-V型反转,3,96,50,46,52.083333333333336,1.4764365134461792,0.27700831024930483,26.364572605561264,-15.692821368948252,6.372351594314275,-3.84521031358436,1.6572179606930808
N22_d20_p2_v1.5,N22-V型反转,3,206,107,99,51.94174757281553,1.0518322306398473,0.4545454545454408,26.702076291646538,-15.692821368948252,5.679185431330259,-3.9494485014194876,1.4379692327394773
N22_d18_p3_v1.5,N22-V型反转,3,129,67,62,51.93798449612403,1.2333219189104374,0.2683663200268471,26.364572605561264,-15.692821368948252,6.1158032947217835,-4.042907954950211,1.5127238519574706
N5_v1.8_p2,N5-均线粘合突破,3,1085,563,522,51.88940092165899,1.1328796896261486,0.4436860068259385,38.78453038674032,-17.037037037037038,6.130656056072982,-4.257442330123972,1.4399856958002446
N22_d18_p4_v2.5,N22-V型反转,3,54,28,26,51.85185185185185,1.064905501186955,0.2683663200268471,26.364572605561264,-15.692821368948252,6.190862825720912,-4.455356232926538,1.3895326214250645
N5_v1.5_p3,N5-均线粘合突破,3,1281,664,617,51.83450429352069,1.0573123749373017,0.3472222222222099,38.78453038674032,-17.037037037037038,6.0775029912128415,-4.345291464944312,1.3986410440457597
N22_d20_p2_v1.3,N22-V型反转,3,247,128,119,51.821862348178136,1.3104655701355583,0.2683663200268471,28.441558441558445,-15.692821368948252,6.184447519297439,-3.932136862576383,1.5727955906512663
N22_d18_p3_v2.5,N22-V型反转,3,56,29,27,51.78571428571429,1.1793261240434425,0.2683663200268471,26.364572605561264,-15.692821368948252,6.378752939087788,-4.405243418041225,1.4479910265490112
N9_g20_v1.3,N9-跳空不补,3,540,279,261,51.66666666666667,1.2398228589072482,0.5145797598627766,38.78453038674032,-22.43478260869566,7.590282453740309,-5.54859946660395,1.367963663519937
N22_d20_p4_v2.5,N22-V型反转,3,64,33,31,51.5625,1.2158983882544738,0.2683663200268471,26.702076291646538,-15.692821368948252,6.349319620533244,-4.248711310622927,1.494410694522414
N22_d20_p3_v2.0,N22-V型反转,3,101,52,49,51.48514851485149,1.28722662239536,0.2683663200268471,26.702076291646538,-15.692821368948252,6.40438565020673,-4.143227856098339,1.5457478740350317
N22_d18_p4_v2.0,N22-V型反转,3,70,36,34,51.42857142857142,1.1391649742364092,0.2683663200268471,26.364572605561264,-15.692821368948252,6.195865911777093,-4.2149889596301975,1.4699601757250365
N11_d6_b18_p3,N11-地量倍量,3,508,261,247,51.37795275590551,0.924645003467668,0.4391743522178304,37.271214642262905,-23.821449616971123,6.978873504285164,-5.4727381492180305,1.275206909960115
N22_d20_p3_v1.3,N22-V型反转,3,201,103,98,51.243781094527364,1.584963953534331,0.12170385395537942,28.441558441558445,-15.692821368948252,6.806536364818511,-3.9030152134276155,1.743917456791318
N9_g30_v1.5,N9-跳空不补,3,297,152,145,51.178451178451176,1.0491019677567082,0.2272727272727204,32.49400479616307,-22.43478260869566,7.7258558929771395,-5.949978009026081,1.2984679743785712
N1_d40_12_d60_18_p2_v2.0,N1-双底放量反转,3,43,22,21,51.162790697674424,1.2464343663914788,0.6968641114982521,20.890410958904116,-12.468619246861913,5.824292846837506,-3.549417375028168,1.6409151788725
N5_v1.3_p2,N5-均线粘合突破,3,1704,871,833,51.1150234741784,1.062630318600668,0.20366598778003286,38.78453038674032,-17.037037037037038,6.164376358252945,-4.27184843354476,1.4430231910493543
N36_cd2_p4_v1.8,N36-连续下跌反弹,3,564,288,276,51.06382978723404,0.9672740378348331,0.27700831024930483,29.210342417889578,-16.812227074235807,5.663599832473083,-3.9332398348311624,1.4399324908485267
N11_d4_b25_p1,N11-地量倍量,3,100,51,49,51.0,1.9883145669786817,1.082055906221835,30.839694656488547,-23.821449616971123,10.569221877568857,-6.942833858329462,1.5223210137584875
N24_y0.7_vb1.5_p2,N24-涨停缩量再放,3,820,418,402,50.97560975609756,0.8733176253118148,0.33003300330034513,30.839694656488547,-26.144269498352244,6.886863015164964,-5.3795728546847466,1.2801877028522086
N36_cd1_p4_v1.8,N36-连续下跌反弹,3,685,348,337,50.802919708029194,0.985520850003661,0.23364485981309802,32.085561497326196,-17.02247191011236,5.807657017704131,-3.9940144210935613,1.4540901472543994
N36_cd1_p5_v1.8,N36-连续下跌反弹,3,626,317,309,50.638977635782744,0.9502712832924338,0.1828153564899626,32.085561497326196,-17.02247191011236,5.8552649736995415,-4.081712535021652,1.4345118436098983
N27_g1-4_v1.8,N27-涨停接力,3,324,164,160,50.617283950617285,0.5887156507810514,0.08859357696566761,35.11538461538461,-25.39393939393939,6.981427574432401,-5.963814070961582,1.1706313260880623
N35_d5_r3_v1.8,N35-急跌反弹,3,81,41,40,50.617283950617285,-0.9285071793477644,0.09950248756218638,35.20833333333335,-23.118279569892476,6.523212718208794,-8.566520074343245,0.761477549996741
N36_cd1_p5_v1.5,N36-连续下跌反弹,3,724,366,358,50.552486187845304,0.9865292234070724,0.12360939431397266,37.271214642262905,-17.02247191011236,5.909334256210174,-4.046282625771517,1.4604353681506426
N36_cd3_p4_v1.5,N36-连续下跌反弹,3,406,205,201,50.49261083743842,0.621277982901921,0.11123470522802492,37.271214642262905,-12.74203622735791,5.069088913849832,-3.915046598413117,1.294771029265522
N36_cd3_p2_v1.5,N36-连续下跌反弹,3,523,264,259,50.47801147227533,0.5868943261266563,0.07604562737641984,37.271214642262905,-13.549999999999995,4.99273416548512,-3.904000336385445,1.278876469080351
N36_cd1_p4_v1.5,N36-连续下跌反弹,3,809,408,401,50.43263288009888,0.9802358311473428,0.11123470522802492,37.271214642262905,-17.02247191011236,5.864287761351834,-3.989073863424804,1.4700875346331823
N22_d20_p3_v1.5,N22-V型反转,3,169,85,84,50.29585798816568,1.136686154739407,0.04050222762250755,26.702076291646538,-15.692821368948252,6.2123889849291105,-3.9994417091430328,1.553314046489816
N36_cd2_p4_v1.5,N36-连续下跌反弹,3,676,340,336,50.29585798816568,0.8952965804059483,0.11123470522802492,37.271214642262905,-16.812227074235807,5.6855168327059875,-3.9519501034690885,1.4386610872731276
N36_cd1_p4_v1.3,N36-连续下跌反弹,3,916,460,456,50.21834061135371,0.9995773734447787,0.10548523206750371,37.271214642262905,-17.02247191011236,5.938289947455079,-3.9824572406884164,1.4911120417776471
N36_cd2_p5_v1.8,N36-连续下跌反弹,3,516,259,257,50.1937984496124,0.86364690568103,0.12170385395537942,29.210342417889578,-16.812227074235807,5.6941441636506935,-4.0044417706385875,1.421957039156209
N36_cd3_p4_v1.8,N36-连续下跌反弹,3,325,163,162,50.153846153846146,0.46822662533365395,0.06609385327165374,26.702076291646538,-12.74203622735791,4.898779786979758,-3.9896756299028624,1.227864177795083
N36_cd3_p2_v1.8,N36-连续下跌反弹,3,395,198,197,50.12658227848101,0.4039785295892095,0.06609385327165374,26.702076291646538,-13.549999999999995,4.848511966363345,-4.063115990620335,1.1932989305636583
N36_cd1_p5_v1.3,N36-连续下跌反弹,3,805,403,402,50.06211180124224,0.9670708353273352,0.06609385327165374,37.271214642262905,-17.02247191011236,5.992593111280419,-4.070952739819659,1.472037013022629
N22_d18_p2_v2.0,N22-V型反转,3,84,42,42,50.0,0.9031333371119858,0.12170385395537942,26.364572605561264,-15.692821368948252,5.978830661226221,-4.172563987002248,1.4328913061251034
N22_d18_p2_v2.5,N22-V型反转,3,60,30,30,50.0,0.9211605898077033,0.12170385395537942,26.364572605561264,-15.692821368948252,6.374048633197404,-4.531727453581997,1.4065383892756365
N22_d20_p3_v2.5,N22-V型反转,3,68,34,34,50.0,0.9849990580731901,0.12170385395537942,26.702076291646538,-15.692821368948252,6.50491834091051,-4.53492022476413,1.4344063442149841
N1_d40_12_d60_20_p2_v1.8,N1-双底放量反转,3,48,24,24,50.0,1.472539302200227,0.6968641114982521,20.890410958904116,-12.468619246861913,6.139872083136351,-3.1947934787358974,1.9218369274892066
N36_cd2_p4_v1.3,N36-连续下跌反弹,3,780,390,390,50.0,0.9139767270739682,0.06609385327165374,37.271214642262905,-16.812227074235807,5.779036018658485,-3.9510825645105427,1.462646230318497
N36_cd3_p3_v1.5,N36-连续下跌反弹,3,466,233,233,50.0,0.5553184082761226,0.04050222762250755,37.271214642262905,-13.549999999999995,5.040544585172025,-3.9299077686197808,1.2826114204054997
N36_cd3_p3_v1.8,N36-连续下跌反弹,3,366,183,183,50.0,0.4567056671870387,0.06609385327165374,26.702076291646538,-13.549999999999995,4.942240174904866,-4.028828840530796,1.226718823392291
N36_cd3_p5_v1.5,N36-连续下跌反弹,3,364,182,182,50.0,0.5419777344174729,0.06609385327165374,37.271214642262905,-12.74203622735791,5.007691162126405,-3.923735693291464,1.276255985001287
N39_dm2_p3_v1.2,N39-均线支撑反弹,3,34,17,17,50.0,-0.6279246828061473,0.11363636363637131,8.49966733200267,-17.261146496815282,3.6761738709541696,-4.932023236566463,0.7453683193742248
N36_cd2_p3_v1.8,N36-连续下跌反弹,3,645,321,324,49.76744186046512,0.8115683177728465,0.0,29.210342417889578,-16.812227074235807,5.607623681070087,-3.940079125493857,1.4232261592886708
N36_cd2_p5_v1.5,N36-连续下跌反弹,3,603,300,303,49.75124378109453,0.8314683963226237,0.0,37.271214642262905,-16.812227074235807,5.706249621309925,-3.995047668021235,1.4283307973985342
N36_cd3_p4_v1.3,N36-连续下跌反弹,3,479,238,241,49.68684759916493,0.6379805767076507,0.0,37.271214642262905,-12.74203622735791,5.225067421952585,-3.892005602413901,1.3425128213360977
N36_cd3_p5_v1.8,N36-连续下跌反弹,3,303,150,153,49.504950495049506,0.3575292515412245,0.0,26.702076291646538,-12.74203622735791,4.819009212061087,-4.016470709752763,1.1998118647696363
N23_vm1.8_lb10,N23-倍量突破前高,3,1287,637,650,49.494949494949495,0.9814537264114129,0.0,38.78453038674032,-25.39393939393939,6.893596999121759,-4.812446680844719,1.4324516106455314
N36_cd1_p3_v1.8,N36-连续下跌反弹,3,780,386,394,49.48717948717949,0.819936757957847,0.0,32.085561497326196,-17.02247191011236,5.713780483448129,-3.974539582243289,1.4375955667859237
N36_cd3_p2_v1.3,N36-连续下跌反弹,3,648,319,329,49.2283950617284,0.5385507649067581,-0.06666666666665932,37.271214642262905,-13.549999999999995,5.069280870046799,-3.8544671789828224,1.3151703295563049
N36_cd2_p5_v1.3,N36-连续下跌反弹,3,681,335,346,49.19236417033774,0.8086631127171572,-0.07662835249043765,37.271214642262905,-16.812227074235807,5.808471425149396,-4.032191756256249,1.4405246020696103
N27_g1-3_v2.0,N27-涨停接力,3,218,107,111,49.08256880733945,0.8276809759482793,-0.055187637969100756,35.11538461538461,-21.100090171325526,7.307422601839199,-5.418556447207835,1.348592133907674
N36_cd1_p3_v1.5,N36-连续下跌反弹,3,938,460,478,49.040511727078886,0.78445222231816,-0.1094091903719896,37.271214642262905,-17.02247191011236,5.715247125348113,-3.96066421156003,1.4430021885387214
N26_v1.8_p2,N26-强势突破连阳,3,1857,909,948,48.949919224555735,0.9179260945150571,-0.1776198934280604,38.78453038674032,-25.39393939393939,7.6950814355588255,-5.580422223004772,1.3789425115247673
N36_cd3_p5_v1.3,N36-连续下跌反弹,3,417,204,213,48.92086330935252,0.4697675097440187,-0.17256255392579245,37.271214642262905,-12.74203622735791,5.087049537428186,-3.952418094235186,1.2870727276671263
N36_cd2_p3_v1.5,N36-连续下跌反弹,3,788,385,403,48.857868020304565,0.7111465916134865,-0.18407731247123138,37.271214642262905,-16.812227074235807,5.5832878380232485,-3.943380405576972,1.4158633618321526
N24_y0.8_vb1.3_p1,N24-涨停缩量再放,3,1430,698,732,48.81118881118881,0.7596106458410026,-0.08525149190110604,33.128834355828204,-26.144269498352244,6.902864512308966,-5.0983008279221655,1.353953943734281
N24_y0.6_vb1.8_p2,N24-涨停缩量再放,3,416,203,213,48.79807692307692,0.6477114544533411,-0.1094091903719896,30.839694656488547,-23.821449616971123,7.445884649497593,-5.831298679790715,1.2768827423130427
N36_cd3_p3_v1.3,N36-连续下跌反弹,3,560,273,287,48.75,0.5367132543447825,-0.17256255392579245,37.271214642262905,-13.549999999999995,5.164667683192895,-3.865487299925372,1.336097439329992
N36_cd2_p2_v1.8,N36-连续下跌反弹,3,723,352,371,48.686030428769016,0.667935807286641,-0.18407731247123138,29.210342417889578,-16.812227074235807,5.523690690308302,-3.939141601941449,1.4022574582203116
N22_d18_p3_v2.0,N22-V型反转,3,76,37,39,48.68421052631579,1.0059659579419475,0.0,26.364572605561264,-15.692821368948252,6.342995917225287,-4.057370157275582,1.5633269017496898
N39_dm3_p2_v1.2,N39-均线支撑反弹,3,76,37,39,48.68421052631579,-0.4347674895855498,-0.23121387283236983,15.505537692032867,-17.261146496815282,4.325933672782083,-4.9513301308061255,0.873691222055068
N22_d20_p2_v2.5,N22-V型反转,3,74,36,38,48.64864864864865,0.8105353409126369,0.0,26.702076291646538,-15.692821368948252,6.456681018825408,-4.538444775004723,1.4226637843838672
N37_y0.7_t1.3_p3,N37-缩量末阳突破,3,385,187,198,48.57142857142857,0.6515402533574893,-0.14619883040934978,37.271214642262905,-23.821449616971123,6.899999723474338,-5.249782579530644,1.3143400929360454
N36_cd1_p3_v1.3,N36-连续下跌反弹,3,1081,525,556,48.56614246068455,0.7739603519970074,-0.18832391713746732,37.271214642262905,-17.02247191011236,5.766905370399068,-3.9406010412783155,1.4634583176500169
N11_d5_b20_p2,N11-地量倍量,3,256,124,132,48.4375,0.8694359521853093,-0.1577287066246047,37.271214642262905,-23.821449616971123,7.583541760913886,-5.437754352983966,1.3946091104230225
N36_cd2_p3_v1.3,N36-连续下跌反弹,3,928,448,480,48.275862068965516,0.6964415325989395,-0.21947873799726958,37.271214642262905,-16.812227074235807,5.6471915499940115,-3.9242584836364522,1.4390467838808076
N36_cd1_p2_v1.5,N36-连续下跌反弹,3,1098,530,568,48.26958105646631,0.6854524329703368,-0.20618556701030855,37.271214642262905,-17.02247191011236,5.619586697741299,-3.918581300002561,1.434087050264244
N36_cd1_p2_v1.8,N36-连续下跌反弹,3,887,428,459,48.252536640360766,0.6795829476987834,-0.20618556701030855,32.085561497326196,-17.02247191011236,5.655268897680236,-3.960054495856903,1.4280785538676057
N36_cd2_p2_v1.5,N36-连续下跌反弹,3,914,441,473,48.24945295404814,0.6172726081340383,-0.21947873799726958,37.271214642262905,-16.812227074235807,5.472037239420291,-3.909051286997534,1.399837668444421
N2_y0.5_t1.8_p1,N2-缩量回踩反击,3,83,40,43,48.19277108433735,1.1491411152749977,-0.5558025789239696,30.839694656488547,-22.333243316230078,9.437198935210212,-6.560680112571714,1.4384482665335947
N15_v1.8_p1,N15-均线金叉,3,281,135,146,48.04270462633452,0.6883711036126442,-0.07429420505201678,26.19222303741744,-16.531503431066753,6.173000585644449,-4.3830328694989555,1.408385647436432
N37_y0.7_t1.3_p1,N37-缩量末阳突破,3,408,196,212,48.03921568627451,0.614641396403122,-0.16103059581320522,37.271214642262905,-23.821449616971123,6.935780597685925,-5.229430695348899,1.3262974502854905
N26_v1.5_p2,N26-强势突破连阳,3,2335,1120,1215,47.96573875802998,0.7468316723026339,-0.28368794326240065,38.78453038674032,-25.39393939393939,7.7061999899283755,-5.66838850526184,1.3595045545616502
N36_cd1_p2_v1.3,N36-连续下跌反弹,3,1294,619,675,47.83616692426585,0.6616655429566551,-0.24798512089274638,37.271214642262905,-17.02247191011236,5.63069024548767,-3.8951141472162236,1.4455777244710106
N39_dm2_p2_v1.2,N39-均线支撑反弹,3,46,22,24,47.82608695652174,-0.8387106641893953,-0.23121387283236983,8.49966733200267,-17.261146496815282,3.4354691241403628,-4.756708803491674,0.7222365854345653
N36_cd2_p2_v1.3,N36-连续下跌反弹,3,1103,527,576,47.77878513145966,0.596273974393832,-0.28392958546280544,37.271214642262905,-16.812227074235807,5.505983361876946,-3.8957691631124067,1.413323821650179
N37_y0.7_t1.3_p2,N37-缩量末阳突破,3,396,189,207,47.72727272727273,0.5640879725147702,-0.17256255392579245,37.271214642262905,-23.821449616971123,6.902344300628893,-5.223015631415512,1.3215247258906362
N38_y0.8_t1.3_p3,N38-强势连板回调,3,170,81,89,47.647058823529406,0.8655296135630184,-0.2394253790901968,33.128834355828204,-23.821449616971123,9.198728527122547,-6.718617712260818,1.3691400405675367
N15_v1.5_p2,N15-均线金叉,3,311,148,163,47.58842443729904,0.585918204871724,-0.10504201680672232,24.18032786885247,-16.531503431066753,6.261592273448973,-4.567454569051175,1.3709150641316028
N2_y0.4_t2.0_p1,N2-缩量回踩反击,3,40,19,21,47.5,1.3690802777933162,-0.73363431151241,30.839694656488547,-22.333243316230078,11.67098522850042,-7.951690868084538,1.4677362867995665
N39_dm3_p3_v1.2,N39-均线支撑反弹,3,59,28,31,47.45762711864407,-0.3314202156526483,-0.3473270915131388,15.505537692032867,-17.261146496815282,4.758266646991513,-4.9285567367506,0.965448284588206
N23_vm2.0_lb20,N23-倍量突破前高,3,675,320,355,47.40740740740741,0.8517964532198867,-0.28050490883589907,38.78453038674032,-25.39393939393939,7.545679155537684,-5.182125982672208,1.456097204268795
N37_y0.7_t1.5_p3,N37-缩量末阳突破,3,269,127,142,47.21189591078067,0.2606262930561812,-0.3473270915131388,37.271214642262905,-22.333243316230078,6.451045975870931,-5.275875817630252,1.2227440900548958
N37_y0.6_t1.8_p1,N37-缩量末阳突破,3,125,59,66,47.199999999999996,-0.504643188442705,-0.73363431151241,30.839694656488547,-22.333243316230078,5.938245787202094,-6.264195454549423,0.947966236093319
N37_y0.7_t1.8_p1,N37-缩量末阳突破,3,191,90,101,47.12041884816754,-0.022665457572554098,-0.382775119617218,30.839694656488547,-22.333243316230078,6.082712684049674,-5.463101425354737,1.1134174913574304
N37_y0.6_t1.8_p3,N37-缩量末阳突破,3,121,57,64,47.107438016528924,-0.5053771751236303,-0.73363431151241,30.839694656488547,-22.333243316230078,6.014872648452489,-6.312474674246114,0.9528549354807245
N37_y0.7_t1.5_p1,N37-缩量末阳突破,3,283,133,150,46.996466431095406,0.2468651712089869,-0.3473270915131388,37.271214642262905,-22.333243316230078,6.457403927980352,-5.2598125264616264,1.2276870887495999
N35_d4_r3_v1.5,N35-急跌反弹,3,215,101,114,46.97674418604651,-0.44183696523973226,-0.8526187576126665,35.20833333333335,-23.90289449112979,6.662029272436978,-6.735613193356818,0.9890753939088405
N37_y0.7_t1.8_p3,N37-缩量末阳突破,3,184,86,98,46.73913043478261,-0.10475009156143322,-0.382775119617218,30.839694656488547,-22.333243316230078,6.070233141034033,-5.523612928328881,1.0989606295368215
N37_y0.6_t1.8_p2,N37-缩量末阳突破,3,122,57,65,46.72131147540984,-0.5716832207732836,-0.73363431151241,30.839694656488547,-22.333243316230078,6.014872648452489,-6.347586059940502,0.9475842614269129
N37_y0.7_t1.5_p2,N37-缩量末阳突破,3,274,128,146,46.715328467153284,0.21652060683715815,-0.3473270915131388,37.271214642262905,-22.333243316230078,6.4918457284421995,-5.2851342942960295,1.2283218111313672
N39_dm3_p1_v1.5,N39-均线支撑反弹,3,30,14,16,46.666666666666664,-0.29157534046993683,-0.3473270915131388,8.49966733200267,-11.457208943716257,4.162537120369999,-4.18892374370488,0.9937008585141864
N38_y0.8_t1.3_p2,N38-强势连板回调,3,178,83,95,46.62921348314607,0.6824081980883364,-0.4237288135593209,33.128834355828204,-23.821449616971123,9.100406658849517,-6.672264141313534,1.3639158261887945
N37_y0.7_t1.8_p2,N37-缩量末阳突破,3,185,86,99,46.48648648648649,-0.1506417923874865,-0.4160887656033285,30.839694656488547,-22.333243316230078,6.070233141034033,-5.554634158794058,1.092823211664387
N37_y0.6_t1.5_p3,N37-缩量末阳突破,3,162,75,87,46.2962962962963,-0.32271432863653615,-0.41245617653125066,37.271214642262905,-22.333243316230078,6.42338852457902,-6.138320236580983,1.0464407650645513
N38_y0.7_t1.3_p3,N38-强势连板回调,3,119,55,64,46.21848739495798,0.28368554107355126,-0.6144393241167445,30.839694656488547,-23.821449616971123,9.382507612587816,-7.535614676634021,1.245088558161092
N2_y0.6_t1.5_p2,N2-缩量回踩反击,3,157,72,85,45.85987261146497,-0.17442169274498137,-0.73363431151241,30.839694656488547,-22.333243316230078,7.160299391046185,-6.3873619048974986,1.121010441815742
N37_y0.7_t2.0_p3,N37-缩量末阳突破,3,157,72,85,45.85987261146497,-0.3368269082149562,-0.73363431151241,30.839694656488547,-22.333243316230078,5.809270605002644,-5.542933037058105,1.0480499342430984
N37_y0.6_t2.0_p3,N37-缩量末阳突破,3,105,48,57,45.714285714285715,-0.44766642686779995,-0.864752680733305,30.839694656488547,-22.333243316230078,6.2536394052404,-6.090871338116815,1.0267232811346676
N38_y0.8_t1.5_p3,N38-强势连板回调,3,116,53,63,45.689655172413794,0.3867325625671114,-0.73363431151241,33.128834355828204,-22.333243316230078,8.92299982475139,-6.7945716421275995,1.3132542115572294
N37_y0.7_t2.0_p1,N37-缩量末阳突破,3,160,73,87,45.625,-0.3635573577936395,-0.73363431151241,30.839694656488547,-22.333243316230078,5.788979476485274,-5.526030793452962,1.047583644185234
N37_y0.7_t2.0_p2,N37-缩量末阳突破,3,158,72,86,45.56962025316456,-0.38909202110208513,-0.73363431151241,30.839694656488547,-22.333243316230078,5.809270605002644,-5.578418870864189,1.0413830046618018
N38_y0.7_t1.3_p2,N38-强势连板回调,3,123,56,67,45.52845528455284,0.13060763759936303,-0.73363431151241,30.839694656488547,-23.821449616971123,9.260850516366002,-7.500640141668277,1.2346746866203107
N37_y0.6_t1.5_p1,N37-缩量末阳突破,3,172,78,94,45.348837209302324,-0.47135720779305956,-0.5752636625119933,37.271214642262905,-22.333243316230078,6.304324071433331,-6.093731035236236,1.034558964775335
N37_y0.6_t1.3_p3,N37-缩量末阳突破,3,214,97,117,45.32710280373832,-0.16403311055955955,-0.73363431151241,37.271214642262905,-23.821449616971123,6.729092691064742,-5.8788468093421,1.1446280043173624
N37_y0.6_t2.0_p1,N37-缩量末阳突破,3,106,48,58,45.28301886792453,-0.5245253732594369,-0.864752680733305,30.839694656488547,-22.333243316230078,6.2536394052404,-6.1340410520179285,1.0194974817103852
N37_y0.6_t2.0_p2,N37-缩量末阳突破,3,106,48,58,45.28301886792453,-0.5245253732594369,-0.864752680733305,30.839694656488547,-22.333243316230078,6.2536394052404,-6.1340410520179285,1.0194974817103852
N37_y0.6_t1.5_p2,N37-缩量末阳突破,3,166,75,91,45.18072289156627,-0.4502106150773702,-0.5752636625119933,37.271214642262905,-22.333243316230078,6.42338852457902,-6.115264851057912,1.050385989981743
N38_y0.8_t1.5_p2,N38-强势连板回调,3,120,54,66,45.0,0.23335513585095305,-0.7352941176470562,33.128834355828204,-22.333243316230078,8.899741156948906,-6.857324335956465,1.2978445704081698
N37_y0.6_t1.3_p1,N37-缩量末阳突破,3,229,102,127,44.54148471615721,-0.22286831171750265,-0.8412197686645695,37.271214642262905,-23.821449616971123,6.761731219690667,-5.832546675525641,1.1593102628846574
N39_dm3_p1_v1.2,N39-均线支撑反弹,3,99,44,55,44.44444444444444,-0.8413341122444563,-0.4950495049504844,15.505537692032867,-17.261146496815282,4.358454989092108,-5.001165393313708,0.8714878725904827
N39_dm3_p2_v1.5,N39-均线支撑反弹,3,27,12,15,44.44444444444444,-0.46252568531451055,-0.48309178743960457,8.49966733200267,-11.457208943716257,4.378335508805705,-4.335214640610682,1.0099466512663715
N37_y0.6_t1.3_p2,N37-缩量末阳突破,3,220,97,123,44.09090909090909,-0.27980464174367337,-0.8412197686645695,37.271214642262905,-23.821449616971123,6.729092691064742,-5.807146440787709,1.1587606339322787
N38_y0.7_t1.5_p3,N38-强势连板回调,3,82,36,46,43.90243902439025,-0.46996415339046227,-1.039501039501034,30.839694656488547,-22.333243316230078,8.686463786723358,-7.6358642804360635,1.1375875038768104
N39_dm2_p1_v1.2,N39-均线支撑反弹,3,57,25,32,43.859649122807014,-0.9244363334238743,-0.4950495049504844,11.478260869565226,-17.261146496815282,3.8529991903782577,-4.65680783639429,0.8273906344741053
N39_dm2_p1_v1.5,N39-均线支撑反弹,3,16,7,9,43.75,-0.4127134613068878,-0.48309178743960457,8.49966733200267,-11.457208943716257,4.685459126253549,-4.377958807187227,1.0702382851482073
N38_y0.7_t1.5_p2,N38-强势连板回调,3,83,36,47,43.373493975903614,-0.6225757807293738,-1.1111111111111072,30.839694656488547,-22.333243316230078,8.686463786723358,-7.752903960054873,1.1204142127231869
N39_dm3_p3_v1.5,N39-均线支撑反弹,3,21,9,12,42.857142857142854,-0.7485279857139577,-1.1776251226693013,8.49966733200267,-11.457208943716257,4.459900086155489,-4.6548490396160425,0.9581191673883728
N37_y0.5_t1.5_p3,N37-缩量末阳突破,3,82,35,47,42.68292682926829,-0.16888708993269458,-0.8412197686645695,37.271214642262905,-22.333243316230078,7.625101272900106,-5.97292097714861,1.2766117787381517
N37_y0.5_t1.3_p3,N37-缩量末阳突破,3,102,42,60,41.17647058823529,-0.1475167243903237,-0.8510638297872242,37.271214642262905,-23.821449616971123,8.135291978048146,-5.945482816097252,1.36831477437325
N37_y0.5_t1.5_p1,N37-缩量末阳突破,3,90,37,53,41.11111111111111,-0.4933790314301228,-0.8412197686645695,37.271214642262905,-22.333243316230078,7.412330370886623,-6.012459180217284,1.2328283899665076
N37_y0.5_t1.5_p2,N37-缩量末阳突破,3,86,35,51,40.69767441860465,-0.42213932835122747,-0.8412197686645695,37.271214642262905,-22.333243316230078,7.625101272900106,-5.944755427249202,1.2826602147413229
N37_y0.5_t1.3_p1,N37-缩量末阳突破,3,110,44,66,40.0,-0.4145643394731194,-0.8510638297872242,37.271214642262905,-23.821449616971123,7.933180505666442,-5.979727569566162,1.3266792530887834
N37_y0.5_t1.8_p1,N37-缩量末阳突破,3,65,26,39,40.0,-0.9897144309945358,-1.5479876160990669,30.839694656488547,-22.333243316230078,7.174697338024068,-6.432655610340275,1.1153554259132086
N37_y0.5_t1.8_p3,N37-缩量末阳突破,3,63,25,38,39.682539682539684,-0.962540074544814,-1.5479876160990669,30.839694656488547,-22.333243316230078,7.26555317450264,-6.3757593173391935,1.1395588843423885
N37_y0.5_t1.3_p2,N37-缩量末阳突破,3,106,42,64,39.62264150943396,-0.3537919504862042,-0.8510638297872242,37.271214642262905,-23.821449616971123,8.135291978048146,-5.924753278586871,1.3731022365860468
N37_y0.5_t1.8_p2,N37-缩量末阳突破,3,64,25,39,39.0625,-1.0817928037610098,-1.5479876160990669,30.839694656488547,-22.333243316230078,7.26555317450264,-6.432655610340275,1.129479582712855
N39_dm1_p1_v1.2,N39-均线支撑反弹,3,18,7,11,38.88888888888889,-1.66640277399869,-0.4194018964259749,8.49966733200267,-11.782141533901447,3.312358004798207,-4.834705087778533,0.6851210042100376
N37_y0.5_t2.0_p3,N37-缩量末阳突破,3,57,22,35,38.59649122807017,-1.1568134932484506,-1.898734177215189,30.839694656488547,-22.333243316230078,7.750175913964184,-6.755492549210679,1.1472406871161045
N37_y0.5_t2.0_p1,N37-缩量末阳突破,3,58,22,36,37.93103448275862,-1.285053169992121,-1.898734177215189,30.839694656488547,-22.333243316230078,7.750175913964184,-6.806582054632086,1.1386296164151806
N37_y0.5_t2.0_p2,N37-缩量末阳突破,3,58,22,36,37.93103448275862,-1.285053169992121,-1.898734177215189,30.839694656488547,-22.333243316230078,7.750175913964184,-6.806582054632086,1.1386296164151806
N38_y0.6_t1.5_p3,N38-强势连板回调,3,60,22,38,36.666666666666664,-1.8675735855756996,-2.576419213973802,30.839694656488547,-22.333243316230078,8.75141768218104,-8.015410635329602,1.0918239975887616
N38_y0.6_t1.3_p3,N38-强势连板回调,3,77,28,49,36.36363636363637,-1.4606659695715174,-2.645161290322584,30.839694656488547,-23.821449616971123,9.808114262300828,-7.89996895921286,1.2415383291933964
N38_y0.6_t1.5_p2,N38-强势连板回调,3,61,22,39,36.0655737704918,-2.052313841919051,-2.645161290322584,30.839694656488547,-22.333243316230078,8.75141768218104,-8.146726496539618,1.0742250505032016
N38_y0.6_t1.3_p2,N38-强势连板回调,3,79,28,51,35.44303797468354,-1.6042817273109857,-2.645161290322584,30.839694656488547,-23.821449616971123,9.808114262300828,-7.869910898078257,1.2462802170601268
